-- phpMyAdmin SQL Dump
-- version 5.2.0
-- https://www.phpmyadmin.net/
--
-- Host: 127.0.0.1
-- Generation Time: Dec 17, 2022 at 03:06 PM
-- Server version: 10.4.24-MariaDB
-- PHP Version: 8.0.19

SET SQL_MODE = "NO_AUTO_VALUE_ON_ZERO";
START TRANSACTION;
SET time_zone = "+00:00";


/*!40101 SET @OLD_CHARACTER_SET_CLIENT=@@CHARACTER_SET_CLIENT */;
/*!40101 SET @OLD_CHARACTER_SET_RESULTS=@@CHARACTER_SET_RESULTS */;
/*!40101 SET @OLD_COLLATION_CONNECTION=@@COLLATION_CONNECTION */;
/*!40101 SET NAMES utf8mb4 */;

--
-- Database: `db_aeki`
--

-- --------------------------------------------------------

--
-- Table structure for table `category`
--

CREATE TABLE `category` (
  `categoryID` varchar(20) NOT NULL,
  `categoryName` varchar(50) NOT NULL
) ENGINE=InnoDB DEFAULT CHARSET=utf8mb4;

--
-- Dumping data for table `category`
--

INSERT INTO `category` (`categoryID`, `categoryName`) VALUES
('CTG001', 'Kursi'),
('CTG002', 'Sofa'),
('CTG003', 'Meja'),
('CTG004', 'Lemari'),
('CTG005', 'Rak'),
('CTG006', 'Hiasan'),
('CTG007', 'Tempat Tidur');

-- --------------------------------------------------------

--
-- Table structure for table `customer`
--

CREATE TABLE `customer` (
  `customerID` varchar(15) NOT NULL,
  `name` varchar(255) DEFAULT NULL,
  `company` varchar(100) DEFAULT NULL,
  `phone` varchar(100) DEFAULT NULL,
  `email` varchar(255) DEFAULT NULL,
  `address` varchar(255) DEFAULT NULL,
  `cities` varchar(50) DEFAULT NULL,
  `postalZip` varchar(10) DEFAULT NULL
) ENGINE=InnoDB DEFAULT CHARSET=utf8mb4;

--
-- Dumping data for table `customer`
--

INSERT INTO `customer` (`customerID`, `name`, `company`, `phone`, `email`, `address`, `cities`, `postalZip`) VALUES
('CST001', 'Veronica Davidson', 'PT. Xyzas', '(533) 643-2371', 'sed.dictum@outlook.ca', 'Ap #857-4939 Curabitur Ave', 'Idaho, Chile', '41811'),
('CST002', 'Jane Spence', 'PT. Ssadaq', '1-876-741-2726', 'condimentum.eget@aol.ca', 'Ap #274-2678 Semper Road', 'Piura, Sweden', '5850 QH'),
('CST003', 'Ferris Hendrix', 'PT. Jasdads', '(834) 117-4454', 'nam.porttitor@protonmail.ca', '130-3044 Ante Rd.', 'Carinthia, Singapore', '630223'),
('CST004', 'Hannah Morris', 'PT. Undnsada', '1-669-627-2640', 'ipsum.porta@protonmail.couk', 'P.O. Box 733, 1220 Faucibus Rd.', 'Munster, Chile', '5044'),
('CST005', 'Dorothy Stone', 'PT. Padsada', '(289) 839-2863', 'leo.elementum@google.ca', '1062 Vulputate, Street', 'Limburg, Pakistan', '61956-3676'),
('CST006', 'Colorado Johns', 'PT. Radsada', '1-717-754-1118', 'consectetuer.rhoncus@icloud.com', '326-5029 Mauris Street', 'West Lothian, Ireland', '787534'),
('CST007', 'Paki Roberson', 'PT. Qsdadsad', '(728) 424-2853', 'aliquam.adipiscing@hotmail.ca', 'Ap #570-1239 Magna Rd.', 'Central Region, Singapore', '85347-5278'),
('CST008', 'Ciara Rogers', 'PT. Tadsada', '(244) 637-7183', 'justo.proin@hotmail.ca', 'Ap #221-9287 Pellentesque Avenue', 'Manitoba, Russian', '55-276'),
('CST009', 'Sybil Soto', 'PT. Ysdagas', '1-541-617-4162', 'ornare.facilisis@icloud.ca', '330-6331 Enim. Ave', 'South Chungcheong, Ireland', '00437'),
('CST010', 'Eugenia Osborn', 'PT. Dadsaq', '1-442-133-8364', 'in.faucibus.morbi@google.com', 'Ap #183-8155 Quam St.', 'La Libertad, Italy', '646287'),
('CST011', 'Fulton Hull', 'PT. Adasdaq', '1-723-566-5364', 'justo.nec@yahoo.couk', '370-2954 Penatibus St.', 'West Sumatra, Netherlands', '213393'),
('CST012', 'Risa Hewitt', 'PT. Losdapd', '(234) 251-9959', 'blandit.viverra@aol.org', 'P.O. Box 995, 1655 Lorem St.', 'Đà Nẵng, United Kingdom', '96-26'),
('CST013', 'Dante Mullen', 'PT. Niada', '(610) 778-8063', 'ultricies.ligula.nullam@icloud.org', '648-9306 Auctor, Rd.', 'Innlandet, Brazil', '51314'),
('CST014', 'Cailin Fleming', 'PT. Qsuaq', '1-100-865-3987', 'curae.phasellus.ornare@google.com', 'P.O. Box 475, 8489 At, Street', 'Balochistan, Philippines', '17-675'),
('CST015', 'Beatrice Brown', 'PT. Basdg', '1-576-316-8249', 'curabitur.ut@hotmail.couk', 'Ap #260-8672 Aliquet Av.', 'Östergötlands län, France', '48216'),
('CST016', 'Uriel Woodard', 'PT. Madsaq', '(980) 812-4984', 'sed.id@google.ca', '864-4091 Ullamcorper. Av.', 'Limpopo, India', '08840'),
('CST017', 'Candace Kinney', 'PT. Dadsan', '1-232-233-3378', 'consequat.nec.mollis@icloud.couk', '630-8774 Convallis St.', 'Veracruz, Belgium', '07728'),
('CST018', 'Kiona Aguirre', 'PT. Yusnda', '1-780-610-2315', 'vulputate.posuere@google.edu', 'Ap #948-4902 Risus St.', 'Lambayeque, Russian', '377220'),
('CST019', 'Francesca Peters', 'PT. Isdaf', '1-164-147-7460', 'adipiscing.mauris@protonmail.edu', 'Ap #554-6090 Dolor. St.', 'Huáběi, Costa Rica', '6688'),
('CST020', 'Joseph Drake', 'PT. Csadlh', '1-409-741-3614', 'vitae.sodales@icloud.net', 'P.O. Box 230, 4225 Suspendisse Ave', 'Tasmania, Nigeria', '94627-654'),
('CST021', 'Scarlet Hebert', 'PT. Iopsa', '1-897-815-1983', 'arcu.et@outlook.couk', 'Ap #937-8024 Tellus. St.', 'Quảng Ngãi, Russian', '23123'),
('CST022', 'Vladimir Lowery', 'PT. Kasliq', '(384) 447-4726', 'velit.eget@hotmail.edu', '293-5776 Parturient Ave', 'Northern Territory, United Kingdom', '10934'),
('CST023', 'Rae Bender', 'PT. Gsada', '(661) 546-4830', 'sit.amet@protonmail.net', 'Ap #673-4157 Nunc Ave', 'Limpopo, Chile', '4753'),
('CST024', 'Ivor Alford', 'PT. Jkasda', '(234) 438-3374', 'ullamcorper.duis@protonmail.org', '1911 Maecenas Rd.', 'South Gyeongsang, Ukraine', '260246'),
('CST025', 'Cherokee Roth', 'PT. Ksooqw', '(188) 359-2437', 'convallis.dolor@outlook.net', 'Ap #816-2348 Sed St.', 'Alberta, Pakistan', 'R82 5WR'),
('CST026', 'Lenore Richards', 'PT. Qsdsajd', '(515) 557-3172', 'malesuada.vel.convallis@google.org', 'Ap #225-9390 Eu, Avenue', 'Heredia, Colombia', '86117-7612'),
('CST027', 'Nolan Brock', 'PT. Sfashg', '1-272-671-4738', 'sodales.at@icloud.com', 'P.O. Box 206, 3251 Per Ave', 'Prince Edward Island, Australia', '8484'),
('CST028', 'Pearl Lott', 'PT. Dkpwqs', '(723) 918-1327', 'dignissim@protonmail.org', '852-7035 Cursus Avenue', 'Stirlingshire, Russian ', '206834'),
('CST029', 'Jacob Ward', 'PT. Rsdna', '1-355-487-1467', 'facilisis@outlook.org', 'Ap #184-8209 In Av.', 'Ancash, China', '232128'),
('CST030', 'Zelenia Vang', 'PT. Alicnv', '(731) 741-7385', 'tortor@hotmail.couk', 'Ap #347-3077 Cum Road', 'South Island, China', '96005'),
('CST031', 'Echo Jackson', 'PT. Sonas', '(752) 355-7127', 'lobortis.tellus@hotmail.com', 'Jl. Setapak 2 No.56 ', 'Jakarta Selatan, Indonesia', '13574-280'),
('CST032', 'Garrison Jimenez', 'PT. Kaslid', '1-331-347-4111', 'leo.elementum.sem@outlook.edu', 'Jl. Gunung Merpi No.9 Rt.09/Rw.02', 'Jakarta Pusat, Indonesia', '8679461'),
('CST033', 'Stewart Finley', 'PT. Indqsd', '1-486-138-1887', 'arcu.nunc@hotmail.edu', 'P.O. Box 236, 2795 Donec Rd.', 'Jawa Timur, Indonesia', '67441'),
('CST034', 'Abraham Chapman', 'PT. Haris', '(887) 432-1034', 'fermentum@icloud.edu', 'Ap #275-3130 CiPede. Road', 'Banten, Indonesia', '82520-736'),
('CST035', 'Kylee Galloway', 'PT. Rsdgx', '1-768-361-1545', 'aliquet@protonmail.org', '651-3992 Adipiscing St.', 'Makasar, Indonesia', '36230'),
('CST036', 'Anika Day', 'PT. Indah', '(755) 512-0987', 'et.magnis.dis@outlook.couk', 'Jl. Daan Mogot KM.12 No.51 Rt.01/Rw.01', 'Jakarta Barat, Indonesia', '528233'),
('CST037', 'Vielka Moore', 'PT. Jakrt', '1-688-204-1125', 'eleifend@aol.couk', '641-3172 Vitae, Ave', 'Papua, Indonesia', '52943-5729'),
('CST038', 'Susan Stark', 'PT. Yundsa', '1-457-647-0572', 'velit@yahoo.net', '314-2074 Hendrerit Avenue', 'Surabaya, Indonesia', '886353'),
('CST039', 'Nero Rush', 'PT. Ddasdq', '1-258-331-9432', 'tortor.integer.aliquam@aol.edu', 'Ap #154-864 Sit St.', 'Bali, Indonesia', '8847'),
('CST040', 'Madonna Kelley', 'PT. Insoa', '(435) 930-4824', 'quis.lectus@icloud.org', 'Ap #803-9311 Vivamus Street', 'Medan, Indonesia', '57188');

-- --------------------------------------------------------

--
-- Table structure for table `employee`
--

CREATE TABLE `employee` (
  `employeeID` varchar(20) NOT NULL,
  `employeeName` varchar(50) NOT NULL,
  `storeID` varchar(20) NOT NULL,
  `employeePhone` int(30) NOT NULL,
  `employeeGender` varchar(10) NOT NULL
) ENGINE=InnoDB DEFAULT CHARSET=utf8mb4;

--
-- Dumping data for table `employee`
--

INSERT INTO `employee` (`employeeID`, `employeeName`, `storeID`, `employeePhone`, `employeeGender`) VALUES
('EMP001', 'Susa Jorn', 'STR01', 12531, 'Male'),
('EMP002', 'Boby Rcka', 'STR01', 13131, 'Male'),
('EMP003', 'Ricky Suph', 'STR01', 15131, 'Male'),
('EMP004', 'Jomo Chai', 'STR01', 16731, 'Male'),
('EMP005', 'Susan Cate', 'STR01', 13131, 'Female'),
('EMP006', 'Catline Lim', 'STR01', 17331, 'Female'),
('EMP007', 'Juka Ruka', 'STR01', 17831, 'Male'),
('EMP008', 'Elish Billy', 'STR01', 18431, 'Female'),
('EMP009', 'Bobi Ale', 'STR01', 11631, 'Male'),
('EMP010', 'Angel Carlos', 'STR01', 16131, 'Female'),
('EMP011', 'Robert Junior', 'STR02', 16731, 'Male'),
('EMP012', 'Tony Alim', 'STR02', 19531, 'Male'),
('EMP013', 'Wanda Sare', 'STR02', 12721, 'Female'),
('EMP014', 'Loki Char', 'STR02', 12164, 'Male'),
('EMP015', 'Thor Lore', 'STR02', 14771, 'Male'),
('EMP016', 'Chelsa Base', 'STR02', 14721, 'Female'),
('EMP017', 'Star Light ', 'STR02', 12741, 'Female'),
('EMP018', 'Raka Charlie', 'STR02', 12671, 'Male'),
('EMP019', 'Susanti Rish', 'STR02', 16741, 'Female'),
('EMP020', 'Juanti Barlie', 'STR02', 11631, 'Female');

-- --------------------------------------------------------

--
-- Table structure for table `mergesales`
--

CREATE TABLE `mergesales` (
  `salesID` varchar(6) DEFAULT NULL,
  `salesDate` datetime DEFAULT NULL,
  `storeID` varchar(5) DEFAULT NULL,
  `employeeID` varchar(6) DEFAULT NULL,
  `customerID` varchar(6) DEFAULT NULL,
  `productID` varchar(6) DEFAULT NULL,
  `productAmount` bigint(20) DEFAULT NULL,
  `last_modified` datetime DEFAULT NULL
) ENGINE=InnoDB DEFAULT CHARSET=utf8mb4;

--
-- Dumping data for table `mergesales`
--

INSERT INTO `mergesales` (`salesID`, `salesDate`, `storeID`, `employeeID`, `customerID`, `productID`, `productAmount`, `last_modified`) VALUES
('SLS001', '2021-10-20 00:00:00', 'STR01', 'EMP001', 'CST001', 'PRD001', 42, '2022-12-16 15:17:54'),
('SLS002', '2021-10-24 00:00:00', 'STR01', 'EMP001', 'CST002', 'PRD002', 25, '2022-12-16 15:17:54'),
('SLS003', '2021-10-28 00:00:00', 'STR01', 'EMP002', 'CST003', 'PRD002', 19, '2022-12-16 15:17:54'),
('SLS004', '2021-11-02 00:00:00', 'STR01', 'EMP005', 'CST004', 'PRD001', 15, '2022-12-16 15:17:54'),
('SLS005', '2021-11-15 00:00:00', 'STR01', 'EMP004', 'CST005', 'PRD003', 22, '2022-12-16 15:17:54'),
('SLS006', '2021-11-21 00:00:00', 'STR01', 'EMP002', 'CST006', 'PRD005', 12, '2022-12-16 15:17:54'),
('SLS007', '2021-11-28 00:00:00', 'STR01', 'EMP001', 'CST007', 'PRD008', 37, '2022-12-16 15:17:54'),
('SLS008', '2021-11-30 00:00:00', 'STR01', 'EMP007', 'CST008', 'PRD002', 12, '2022-12-16 15:17:54'),
('SLS009', '2021-12-01 00:00:00', 'STR01', 'EMP009', 'CST009', 'PRD014', 8, '2022-12-16 15:17:54'),
('SLS010', '2021-12-05 00:00:00', 'STR01', 'EMP006', 'CST010', 'PRD004', 7, '2022-12-16 15:17:54'),
('SLS011', '2021-12-09 00:00:00', 'STR01', 'EMP002', 'CST011', 'PRD005', 2, '2022-12-16 15:17:54'),
('SLS012', '2021-12-12 00:00:00', 'STR01', 'EMP003', 'CST012', 'PRD017', 10, '2022-12-16 15:17:54'),
('SLS013', '2021-12-15 00:00:00', 'STR01', 'EMP006', 'CST013', 'PRD022', 15, '2022-12-16 15:17:54'),
('SLS014', '2021-12-17 00:00:00', 'STR01', 'EMP001', 'CST014', 'PRD019', 12, '2022-12-16 15:17:54'),
('SLS015', '2021-12-21 00:00:00', 'STR01', 'EMP003', 'CST015', 'PRD004', 31, '2022-12-16 15:17:54'),
('SLS016', '2021-12-26 00:00:00', 'STR01', 'EMP008', 'CST016', 'PRD006', 22, '2022-12-16 15:17:54'),
('SLS017', '2021-12-27 00:00:00', 'STR01', 'EMP009', 'CST017', 'PRD001', 16, '2022-12-16 15:17:54'),
('SLS018', '2021-12-30 00:00:00', 'STR01', 'EMP010', 'CST018', 'PRD001', 3, '2022-12-16 15:17:54'),
('SLS019', '2022-01-01 00:00:00', 'STR01', 'EMP007', 'CST019', 'PRD002', 9, '2022-12-16 15:17:54'),
('SLS020', '2022-01-01 00:00:00', 'STR01', 'EMP007', 'CST020', 'PRD002', 21, '2022-12-16 15:17:54'),
('SLS021', '2022-01-12 00:00:00', 'STR02', 'EMP011', 'CST021', 'PRD002', 11, '2022-12-16 15:17:54'),
('SLS022', '2022-01-16 00:00:00', 'STR02', 'EMP007', 'CST022', 'PRD002', 32, '2022-12-16 15:17:54'),
('SLS023', '2022-01-17 00:00:00', 'STR01', 'EMP005', 'CST023', 'PRD002', 12, '2022-12-16 15:17:54'),
('SLS024', '2022-01-19 00:00:00', 'STR02', 'EMP015', 'CST024', 'PRD002', 41, '2022-12-16 15:17:54'),
('SLS025', '2022-01-21 00:00:00', 'STR01', 'EMP008', 'CST025', 'PRD002', 5, '2022-12-16 15:17:54'),
('SLS026', '2022-01-22 00:00:00', 'STR02', 'EMP016', 'CST026', 'PRD002', 9, '2022-12-16 15:17:54'),
('SLS027', '2022-01-27 00:00:00', 'STR01', 'EMP010', 'CST027', 'PRD002', 22, '2022-12-16 15:17:54'),
('SLS028', '2022-01-28 00:00:00', 'STR01', 'EMP004', 'CST028', 'PRD002', 29, '2022-12-16 15:17:54'),
('SLS029', '2022-01-29 00:00:00', 'STR01', 'EMP007', 'CST029', 'PRD002', 31, '2022-12-16 15:17:54'),
('SLS030', '2022-01-30 00:00:00', 'STR02', 'EMP017', 'CST030', 'PRD002', 9, '2022-12-16 15:17:54'),
('SLS031', '2022-01-30 00:00:00', 'STR01', 'EMP004', 'CST031', 'PRD002', 4, '2022-12-16 15:17:54'),
('SLS032', '2022-01-31 00:00:00', 'STR02', 'EMP012', 'CST032', 'PRD002', 28, '2022-12-16 15:17:54'),
('SLS033', '2022-01-31 00:00:00', 'STR01', 'EMP010', 'CST033', 'PRD002', 17, '2022-12-16 15:17:54'),
('SLS034', '2022-01-31 00:00:00', 'STR01', 'EMP005', 'CST034', 'PRD002', 23, '2022-12-16 15:17:54'),
('SLS035', '2022-02-08 00:00:00', 'STR02', 'EMP011', 'CST001', 'PRD002', 2, '2022-12-16 15:17:54'),
('SLS036', '2022-02-12 00:00:00', 'STR02', 'EMP015', 'CST011', 'PRD022', 15, '2022-12-16 15:17:54'),
('SLS037', '2022-02-16 00:00:00', 'STR02', 'EMP017', 'CST012', 'PRD010', 27, '2022-12-16 15:17:54'),
('SLS038', '2022-02-17 00:00:00', 'STR01', 'EMP005', 'CST033', 'PRD012', 34, '2022-12-16 15:17:54'),
('SLS039', '2022-02-19 00:00:00', 'STR01', 'EMP008', 'CST009', 'PRD017', 13, '2022-12-16 15:17:54'),
('SLS040', '2022-02-21 00:00:00', 'STR01', 'EMP009', 'CST012', 'PRD009', 19, '2022-12-16 15:17:54'),
('SLS041', '2022-02-22 00:00:00', 'STR02', 'EMP016', 'CST017', 'PRD013', 17, '2022-12-16 15:17:54'),
('SLS042', '2022-02-27 00:00:00', 'STR02', 'EMP013', 'CST022', 'PRD018', 24, '2022-12-16 15:17:54'),
('SLS043', '2022-02-28 00:00:00', 'STR01', 'EMP003', 'CST018', 'PRD015', 31, '2022-12-16 15:17:54'),
('SLS044', '2022-02-28 00:00:00', 'STR01', 'EMP004', 'CST021', 'PRD014', 36, '2022-12-16 15:17:54'),
('SLS045', '2022-03-01 00:00:00', 'STR01', 'EMP006', 'CST031', 'PRD020', 19, '2022-12-16 15:17:54'),
('SLS046', '2022-03-01 00:00:00', 'STR01', 'EMP002', 'CST025', 'PRD021', 21, '2022-12-16 15:17:54'),
('SLS047', '2022-03-02 00:00:00', 'STR02', 'EMP012', 'CST020', 'PRD002', 12, '2022-12-16 15:17:54'),
('SLS048', '2022-03-05 00:00:00', 'STR02', 'EMP016', 'CST008', 'PRD001', 21, '2022-12-16 15:17:54'),
('SLS049', '2022-03-07 00:00:00', 'STR02', 'EMP015', 'CST009', 'PRD003', 23, '2022-12-16 15:17:54'),
('SLS050', '2022-03-09 00:00:00', 'STR02', 'EMP014', 'CST003', 'PRD012', 29, '2022-12-16 15:17:54'),
('SLS051', '2022-03-12 00:00:00', 'STR02', 'EMP017', 'CST002', 'PRD022', 8, '2022-12-16 15:17:54'),
('SLS052', '2022-03-16 00:00:00', 'STR02', 'EMP020', 'CST013', 'PRD006', 9, '2022-12-16 15:17:54'),
('SLS053', '2022-03-16 00:00:00', 'STR01', 'EMP005', 'CST015', 'PRD001', 4, '2022-12-16 15:17:54'),
('SLS054', '2022-03-17 00:00:00', 'STR02', 'EMP012', 'CST024', 'PRD002', 3, '2022-12-16 15:17:54'),
('SLS055', '2022-03-19 00:00:00', 'STR02', 'EMP011', 'CST012', 'PRD002', 24, '2022-12-16 15:17:54'),
('SLS056', '2022-03-19 00:00:00', 'STR02', 'EMP014', 'CST011', 'PRD001', 14, '2022-12-16 15:17:54'),
('SLS057', '2022-03-19 00:00:00', 'STR02', 'EMP016', 'CST037', 'PRD003', 34, '2022-12-16 15:17:54'),
('SLS058', '2022-03-20 00:00:00', 'STR01', 'EMP001', 'CST016', 'PRD004', 42, '2022-12-16 15:17:54'),
('SLS059', '2022-03-21 00:00:00', 'STR02', 'EMP015', 'CST026', 'PRD005', 19, '2022-12-16 15:17:54'),
('SLS060', '2022-03-22 00:00:00', 'STR01', 'EMP007', 'CST025', 'PRD006', 10, '2022-12-16 15:17:54'),
('SLS061', '2022-03-23 00:00:00', 'STR02', 'EMP011', 'CST016', 'PRD007', 12, '2022-12-16 15:17:54'),
('SLS062', '2022-03-24 00:00:00', 'STR01', 'EMP010', 'CST007', 'PRD008', 11, '2022-12-16 15:17:54'),
('SLS063', '2022-03-25 00:00:00', 'STR01', 'EMP007', 'CST038', 'PRD009', 30, '2022-12-16 15:17:54'),
('SLS064', '2022-03-26 00:00:00', 'STR01', 'EMP003', 'CST019', 'PRD010', 41, '2022-12-16 15:17:54'),
('SLS065', '2022-03-27 00:00:00', 'STR02', 'EMP012', 'CST030', 'PRD022', 16, '2022-12-16 15:17:54'),
('SLS066', '2022-03-28 00:00:00', 'STR01', 'EMP004', 'CST021', 'PRD012', 15, '2022-12-16 15:17:54'),
('SLS067', '2022-03-29 00:00:00', 'STR02', 'EMP018', 'CST012', 'PRD016', 27, '2022-12-16 15:17:54'),
('SLS068', '2022-03-30 00:00:00', 'STR01', 'EMP010', 'CST013', 'PRD018', 37, '2022-12-16 15:17:54'),
('SLS069', '2022-03-31 00:00:00', 'STR01', 'EMP001', 'CST034', 'PRD020', 15, '2022-12-16 15:17:54'),
('SLS070', '2022-04-01 00:00:00', 'STR01', 'EMP002', 'CST008', 'PRD011', 17, '2022-12-16 15:17:54'),
('SLS071', '2022-04-02 00:00:00', 'STR01', 'EMP009', 'CST009', 'PRD014', 31, '2022-12-16 15:17:54'),
('SLS072', '2022-04-03 00:00:00', 'STR02', 'EMP019', 'CST020', 'PRD013', 14, '2022-12-16 15:17:54'),
('SLS073', '2022-04-04 00:00:00', 'STR01', 'EMP008', 'CST001', 'PRD021', 21, '2022-12-16 15:17:54'),
('SLS074', '2022-04-05 00:00:00', 'STR02', 'EMP018', 'CST022', 'PRD007', 28, '2022-12-16 15:17:54'),
('SLS075', '2022-04-06 00:00:00', 'STR01', 'EMP007', 'CST030', 'PRD015', 31, '2022-12-16 15:17:54'),
('SLS076', '2022-04-07 00:00:00', 'STR02', 'EMP011', 'CST011', 'PRD017', 21, '2022-12-16 15:17:54'),
('SLS077', '2022-04-08 00:00:00', 'STR02', 'EMP017', 'CST002', 'PRD016', 41, '2022-12-16 15:17:54'),
('SLS078', '2022-04-09 00:00:00', 'STR01', 'EMP005', 'CST006', 'PRD018', 21, '2022-12-16 15:17:54'),
('SLS079', '2022-04-10 00:00:00', 'STR02', 'EMP015', 'CST016', 'PRD019', 40, '2022-12-16 15:17:54'),
('SLS080', '2022-04-11 00:00:00', 'STR01', 'EMP005', 'CST017', 'PRD020', 32, '2022-12-16 15:17:54'),
('SLS081', '2022-04-12 00:00:00', 'STR02', 'EMP016', 'CST021', 'PRD001', 35, '2022-12-16 15:17:54'),
('SLS082', '2022-04-13 00:00:00', 'STR01', 'EMP004', 'CST022', 'PRD004', 41, '2022-12-16 15:17:54'),
('SLS083', '2022-04-14 00:00:00', 'STR01', 'EMP003', 'CST018', 'PRD008', 31, '2022-12-16 15:17:54'),
('SLS084', '2022-04-15 00:00:00', 'STR01', 'EMP009', 'CST019', 'PRD009', 21, '2022-12-16 15:17:54'),
('SLS085', '2022-04-16 00:00:00', 'STR02', 'EMP014', 'CST040', 'PRD010', 19, '2022-12-16 15:17:54'),
('SLS086', '2022-04-17 00:00:00', 'STR01', 'EMP004', 'CST031', 'PRD011', 14, '2022-12-16 15:17:54'),
('SLS087', '2022-04-18 00:00:00', 'STR02', 'EMP013', 'CST032', 'PRD013', 38, '2022-12-16 15:17:54'),
('SLS088', '2022-04-19 00:00:00', 'STR01', 'EMP010', 'CST023', 'PRD007', 27, '2022-12-16 15:17:54'),
('SLS089', '2022-04-20 00:00:00', 'STR01', 'EMP009', 'CST014', 'PRD002', 13, '2022-12-16 15:17:54'),
('SLS090', '2022-04-21 00:00:00', 'STR01', 'EMP003', 'CST018', 'PRD021', 29, '2022-12-16 15:17:54'),
('SLS091', '2022-04-22 00:00:00', 'STR01', 'EMP006', 'CST029', 'PRD006', 11, '2022-12-16 15:17:54'),
('SLS092', '2022-04-23 00:00:00', 'STR02', 'EMP012', 'CST010', 'PRD005', 19, '2022-12-16 15:17:54'),
('SLS093', '2022-04-24 00:00:00', 'STR01', 'EMP006', 'CST031', 'PRD002', 24, '2022-12-16 15:17:54'),
('SLS094', '2022-04-25 00:00:00', 'STR02', 'EMP011', 'CST022', 'PRD003', 38, '2022-12-16 15:17:54'),
('SLS095', '2022-04-30 00:00:00', 'STR01', 'EMP015', 'CST022', 'PRD013', 12, '2022-12-16 15:17:54'),
('SLS096', '2022-04-30 00:00:00', 'STR01', 'EMP003', 'CST001', 'PRD006', 2, '2022-12-16 15:17:54'),
('SLS097', '2022-05-01 00:00:00', 'STR01', 'EMP008', 'CST002', 'PRD001', 16, '2022-12-16 15:17:54'),
('SLS098', '2022-05-01 00:00:00', 'STR02', 'EMP012', 'CST001', 'PRD002', 28, '2022-12-16 15:17:54'),
('SLS099', '2022-05-02 00:00:00', 'STR02', 'EMP011', 'CST006', 'PRD002', 24, '2022-12-16 15:17:54'),
('SLS100', '2022-05-05 00:00:00', 'STR02', 'EMP012', 'CST025', 'PRD003', 38, '2022-12-16 15:17:54'),
('SLS101', '2022-05-06 00:00:00', 'STR01', 'EMP005', 'CST026', 'PRD011', 29, '2022-12-16 15:17:54'),
('SLS102', '2022-05-10 00:00:00', 'STR01', 'EMP008', 'CST040', 'PRD016', 10, '2022-12-16 15:17:54'),
('SLS103', '2022-05-10 00:00:00', 'STR02', 'EMP013', 'CST036', 'PRD017', 12, '2022-12-16 15:17:54'),
('SLS104', '2022-05-11 00:00:00', 'STR01', 'EMP001', 'CST008', 'PRD012', 17, '2022-12-16 15:17:54'),
('SLS105', '2022-05-12 00:00:00', 'STR01', 'EMP002', 'CST010', 'PRD016', 23, '2022-12-16 15:17:54'),
('SLS106', '2022-05-16 00:00:00', 'STR01', 'EMP002', 'CST011', 'PRD006', 12, '2022-12-16 15:17:54'),
('SLS107', '2022-05-16 00:00:00', 'STR01', 'EMP006', 'CST036', 'PRD007', 16, '2022-12-16 15:17:54'),
('SLS108', '2022-05-22 00:00:00', 'STR02', 'EMP013', 'CST027', 'PRD007', 17, '2022-12-16 15:17:54'),
('SLS109', '2022-05-26 00:00:00', 'STR02', 'EMP015', 'CST028', 'PRD011', 2, '2022-12-16 15:17:54'),
('SLS110', '2022-06-01 00:00:00', 'STR02', 'EMP015', 'CST021', 'PRD013', 17, '2022-12-16 15:17:54'),
('SLS111', '2022-06-09 00:00:00', 'STR02', 'EMP017', 'CST028', 'PRD016', 17, '2022-12-16 15:17:54'),
('SLS112', '2022-06-10 00:00:00', 'STR02', 'EMP020', 'CST010', 'PRD012', 2, '2022-12-16 15:17:54'),
('SLS113', '2022-06-11 00:00:00', 'STR02', 'EMP016', 'CST002', 'PRD017', 8, '2022-12-16 15:17:54'),
('SLS114', '2022-06-12 00:00:00', 'STR01', 'EMP002', 'CST012', 'PRD019', 9, '2022-12-16 15:17:54'),
('SLS115', '2022-06-16 00:00:00', 'STR01', 'EMP002', 'CST030', 'PRD013', 9, '2022-12-16 15:17:54'),
('SLS116', '2022-06-17 00:00:00', 'STR01', 'EMP002', 'CST001', 'PRD022', 31, '2022-12-16 15:17:54'),
('SLS117', '2022-06-18 00:00:00', 'STR02', 'EMP019', 'CST022', 'PRD021', 21, '2022-12-16 15:17:54'),
('SLS118', '2022-06-19 00:00:00', 'STR02', 'EMP020', 'CST031', 'PRD001', 11, '2022-12-16 15:17:54'),
('SLS119', '2022-06-20 00:00:00', 'STR01', 'EMP010', 'CST040', 'PRD011', 32, '2022-12-16 15:17:54'),
('SLS120', '2022-06-21 00:00:00', 'STR02', 'EMP011', 'CST021', 'PRD019', 41, '2022-12-16 15:17:54'),
('SLS121', '2022-06-22 00:00:00', 'STR01', 'EMP001', 'CST011', 'PRD009', 25, '2022-12-16 15:17:54'),
('SLS122', '2022-06-23 00:00:00', 'STR02', 'EMP012', 'CST036', 'PRD021', 23, '2022-12-16 15:17:54'),
('SLS123', '2022-06-24 00:00:00', 'STR01', 'EMP009', 'CST027', 'PRD009', 14, '2022-12-16 15:17:54'),
('SLS124', '2022-06-25 00:00:00', 'STR01', 'EMP003', 'CST038', 'PRD008', 8, '2022-12-16 15:17:54'),
('SLS125', '2022-06-26 00:00:00', 'STR01', 'EMP008', 'CST021', 'PRD010', 17, '2022-12-16 15:17:54'),
('SLS126', '2022-06-27 00:00:00', 'STR02', 'EMP018', 'CST014', 'PRD004', 19, '2022-12-16 15:17:54'),
('SLS127', '2022-06-28 00:00:00', 'STR01', 'EMP004', 'CST021', 'PRD003', 40, '2022-12-16 15:17:54'),
('SLS128', '2022-06-29 00:00:00', 'STR02', 'EMP013', 'CST022', 'PRD011', 18, '2022-12-16 15:17:54'),
('SLS129', '2022-06-30 00:00:00', 'STR01', 'EMP007', 'CST031', 'PRD015', 27, '2022-12-16 15:17:54'),
('SLS130', '2022-07-01 00:00:00', 'STR01', 'EMP005', 'CST011', 'PRD018', 33, '2022-12-16 15:17:54'),
('SLS131', '2022-07-02 00:00:00', 'STR01', 'EMP006', 'CST002', 'PRD004', 21, '2022-12-16 15:17:54'),
('SLS132', '2022-07-03 00:00:00', 'STR01', 'EMP001', 'CST009', 'PRD019', 13, '2022-12-16 15:17:54'),
('SLS133', '2022-07-04 00:00:00', 'STR02', 'EMP016', 'CST011', 'PRD002', 29, '2022-12-16 15:17:54'),
('SLS134', '2022-07-05 00:00:00', 'STR01', 'EMP005', 'CST010', 'PRD018', 46, '2022-12-16 15:17:54'),
('SLS135', '2022-07-06 00:00:00', 'STR02', 'EMP014', 'CST025', 'PRD021', 27, '2022-12-16 15:17:54'),
('SLS136', '2022-07-07 00:00:00', 'STR01', 'EMP002', 'CST039', 'PRD011', 29, '2022-12-16 15:17:54'),
('SLS137', '2022-07-09 00:00:00', 'STR02', 'EMP012', 'CST021', 'PRD012', 11, '2022-12-16 15:17:54'),
('SLS138', '2022-07-10 00:00:00', 'STR02', 'EMP018', 'CST014', 'PRD019', 15, '2022-12-16 15:17:54'),
('SLS139', '2022-07-11 00:00:00', 'STR01', 'EMP009', 'CST017', 'PRD018', 19, '2022-12-16 15:17:54'),
('SLS140', '2022-07-12 00:00:00', 'STR02', 'EMP012', 'CST019', 'PRD015', 18, '2022-12-16 15:17:54'),
('SLS141', '2022-07-13 00:00:00', 'STR01', 'EMP005', 'CST021', 'PRD003', 25, '2022-12-16 15:17:54'),
('SLS142', '2022-07-14 00:00:00', 'STR02', 'EMP020', 'CST008', 'PRD005', 28, '2022-12-16 15:17:54'),
('SLS143', '2022-07-15 00:00:00', 'STR01', 'EMP010', 'CST023', 'PRD007', 14, '2022-12-16 15:17:54'),
('SLS144', '2022-07-16 00:00:00', 'STR01', 'EMP002', 'CST026', 'PRD009', 21, '2022-12-16 15:17:54'),
('SLS145', '2022-07-17 00:00:00', 'STR01', 'EMP009', 'CST037', 'PRD002', 25, '2022-12-16 15:17:54'),
('SLS146', '2022-07-18 00:00:00', 'STR02', 'EMP018', 'CST039', 'PRD004', 41, '2022-12-16 15:17:54'),
('SLS147', '2022-07-19 00:00:00', 'STR01', 'EMP003', 'CST031', 'PRD006', 44, '2022-12-16 15:17:54'),
('SLS148', '2022-07-20 00:00:00', 'STR02', 'EMP012', 'CST032', 'PRD008', 18, '2022-12-16 15:17:54'),
('SLS149', '2022-07-21 00:00:00', 'STR01', 'EMP006', 'CST023', 'PRD012', 27, '2022-12-16 15:17:54'),
('SLS150', '2022-07-22 00:00:00', 'STR01', 'EMP002', 'CST013', 'PRD015', 32, '2022-12-16 15:17:54'),
('SLS151', '2022-07-23 00:00:00', 'STR01', 'EMP004', 'CST016', 'PRD018', 39, '2022-12-16 15:17:54'),
('SLS152', '2022-07-24 00:00:00', 'STR01', 'EMP003', 'CST017', 'PRD013', 41, '2022-12-16 15:17:54'),
('SLS153', '2022-07-25 00:00:00', 'STR02', 'EMP013', 'CST015', 'PRD007', 9, '2022-12-16 15:17:54'),
('SLS154', '2022-07-26 00:00:00', 'STR01', 'EMP009', 'CST031', 'PRD001', 21, '2022-12-16 15:17:54'),
('SLS155', '2022-07-27 00:00:00', 'STR02', 'EMP011', 'CST021', 'PRD015', 18, '2022-12-16 15:17:54'),
('SLS156', '2022-07-28 00:00:00', 'STR02', 'EMP012', 'CST036', 'PRD022', 23, '2022-12-16 15:17:54'),
('SLS157', '2022-07-28 00:00:00', 'STR02', 'EMP019', 'CST027', 'PRD001', 14, '2022-12-16 15:17:54'),
('SLS158', '2022-07-28 00:00:00', 'STR02', 'EMP013', 'CST012', 'PRD002', 8, '2022-12-16 15:17:54'),
('SLS159', '2022-07-30 00:00:00', 'STR01', 'EMP008', 'CST004', 'PRD014', 17, '2022-12-16 15:17:54'),
('SLS160', '2022-07-30 00:00:00', 'STR02', 'EMP018', 'CST022', 'PRD005', 19, '2022-12-16 15:17:54'),
('SLS161', '2022-07-30 00:00:00', 'STR02', 'EMP014', 'CST016', 'PRD006', 10, '2022-12-16 15:17:54'),
('SLS162', '2022-08-01 00:00:00', 'STR01', 'EMP008', 'CST001', 'PRD007', 22, '2022-12-16 15:17:54'),
('SLS163', '2022-08-03 00:00:00', 'STR01', 'EMP010', 'CST027', 'PRD008', 25, '2022-12-16 15:17:54'),
('SLS164', '2022-08-03 00:00:00', 'STR01', 'EMP003', 'CST028', 'PRD003', 2, '2022-12-16 15:17:54'),
('SLS165', '2022-08-03 00:00:00', 'STR02', 'EMP004', 'CST019', 'PRD006', 25, '2022-12-16 15:17:54'),
('SLS166', '2022-08-06 00:00:00', 'STR01', 'EMP002', 'CST018', 'PRD007', 22, '2022-12-16 15:17:54'),
('SLS167', '2022-08-10 00:00:00', 'STR01', 'EMP001', 'CST025', 'PRD008', 14, '2022-12-16 15:17:54'),
('SLS168', '2022-08-11 00:00:00', 'STR01', 'EMP001', 'CST031', 'PRD009', 11, '2022-12-16 15:17:54'),
('SLS169', '2022-08-16 00:00:00', 'STR02', 'EMP014', 'CST038', 'PRD012', 15, '2022-12-16 15:17:54'),
('SLS171', '2022-08-17 00:00:00', 'STR01', 'EMP007', 'CST040', 'PRD017', 10, '2022-12-16 15:17:54'),
('SLS172', '2022-08-21 00:00:00', 'STR01', 'EMP007', 'CST011', 'PRD003', 31, '2022-12-16 15:17:54'),
('SLS173', '2022-08-21 00:00:00', 'STR02', 'EMP015', 'CST021', 'PRD022', 20, '2022-12-16 15:17:54'),
('SLS174', '2022-08-22 00:00:00', 'STR01', 'EMP003', 'CST031', 'PRD020', 13, '2022-12-16 15:17:54'),
('SLS175', '2022-08-27 00:00:00', 'STR01', 'EMP005', 'CST001', 'PRD021', 7, '2022-12-16 15:17:54'),
('SLS176', '2022-08-27 00:00:00', 'STR01', 'EMP006', 'CST007', 'PRD012', 27, '2022-12-16 15:17:54'),
('SLS177', '2022-08-28 00:00:00', 'STR01', 'EMP007', 'CST005', 'PRD016', 29, '2022-12-16 15:17:54'),
('SLS178', '2022-08-31 00:00:00', 'STR01', 'EMP008', 'CST027', 'PRD009', 16, '2022-12-16 15:17:54'),
('SLS179', '2022-09-01 00:00:00', 'STR01', 'EMP010', 'CST018', 'PRD008', 19, '2022-12-16 15:17:54'),
('SLS180', '2022-09-01 00:00:00', 'STR01', 'EMP003', 'CST003', 'PRD002', 27, '2022-12-16 15:17:54'),
('SLS181', '2022-09-05 00:00:00', 'STR01', 'EMP008', 'CST038', 'PRD001', 25, '2022-12-16 15:17:54'),
('SLS182', '2022-09-07 00:00:00', 'STR02', 'EMP012', 'CST033', 'PRD002', 21, '2022-12-16 15:17:54'),
('SLS183', '2022-09-09 00:00:00', 'STR01', 'EMP002', 'CST031', 'PRD003', 16, '2022-12-16 15:17:54'),
('SLS184', '2022-09-09 00:00:00', 'STR02', 'EMP016', 'CST028', 'PRD001', 16, '2022-12-16 15:17:54'),
('SLS185', '2022-09-09 00:00:00', 'STR01', 'EMP003', 'CST014', 'PRD002', 17, '2022-12-16 15:17:54'),
('SLS186', '2022-09-12 00:00:00', 'STR01', 'EMP007', 'CST025', 'PRD003', 17, '2022-12-16 15:17:54'),
('SLS187', '2022-09-16 00:00:00', 'STR01', 'EMP008', 'CST027', 'PRD004', 19, '2022-12-16 15:17:54'),
('SLS188', '2022-09-19 00:00:00', 'STR02', 'EMP017', 'CST018', 'PRD005', 12, '2022-12-16 15:17:54'),
('SLS189', '2022-09-22 00:00:00', 'STR02', 'EMP020', 'CST019', 'PRD006', 5, '2022-12-16 15:17:54'),
('SLS190', '2022-09-23 00:00:00', 'STR02', 'EMP020', 'CST021', 'PRD006', 4, '2022-12-16 15:17:54'),
('SLS191', '2022-09-28 00:00:00', 'STR01', 'EMP004', 'CST029', 'PRD006', 9, '2022-12-16 15:17:54'),
('SLS192', '2022-09-28 00:00:00', 'STR01', 'EMP005', 'CST025', 'PRD003', 10, '2022-12-16 15:17:54'),
('SLS193', '2022-09-30 00:00:00', 'STR02', 'EMP019', 'CST012', 'PRD003', 24, '2022-12-16 15:17:54'),
('SLS194', '2022-09-30 00:00:00', 'STR02', 'EMP019', 'CST019', 'PRD002', 12, '2022-12-16 15:17:54'),
('SLS195', '2022-09-30 00:00:00', 'STR01', 'EMP004', 'CST010', 'PRD012', 16, '2022-12-16 15:17:54'),
('SLS196', '2022-09-30 00:00:00', 'STR01', 'EMP008', 'CST013', 'PRD016', 17, '2022-12-16 15:17:54'),
('SLS197', '2022-10-01 00:00:00', 'STR01', 'EMP007', 'CST014', 'PRD017', 17, '2022-12-16 15:17:54'),
('SLS198', '2022-10-01 00:00:00', 'STR01', 'EMP002', 'CST026', 'PRD016', 13, '2022-12-16 15:17:54'),
('SLS199', '2022-10-02 00:00:00', 'STR01', 'EMP006', 'CST037', 'PRD015', 26, '2022-12-16 15:17:54'),
('SLS200', '2022-10-02 00:00:00', 'STR01', 'EMP008', 'CST038', 'PRD016', 6, '2022-12-16 15:17:54'),
('SLS201', '2022-10-04 00:00:00', 'STR02', 'EMP018', 'CST030', 'PRD014', 13, '2022-12-16 15:17:54'),
('SLS202', '2022-10-04 00:00:00', 'STR02', 'EMP020', 'CST032', 'PRD012', 26, '2022-12-16 15:17:54'),
('SLS203', '2022-10-20 00:00:00', 'STR02', 'EMP012', 'CST012', 'PRD007', 22, '2022-12-16 15:17:54'),
('SLS204', '2022-10-12 00:00:00', 'STR01', 'EMP004', 'CST009', 'PRD002', 14, '2022-12-16 15:17:54'),
('SLS205', '2022-10-16 00:00:00', 'STR01', 'EMP003', 'CST010', 'PRD019', 16, '2022-12-16 15:17:54'),
('SLS206', '2022-10-16 00:00:00', 'STR01', 'EMP007', 'CST022', 'PRD020', 4, '2022-12-16 15:17:54'),
('SLS207', '2022-10-23 00:00:00', 'STR02', 'EMP015', 'CST026', 'PRD001', 12, '2022-12-16 15:17:54'),
('SLS208', '2022-10-23 00:00:00', 'STR02', 'EMP016', 'CST025', 'PRD006', 5, '2022-12-16 15:17:54'),
('SLS209', '2022-10-23 00:00:00', 'STR02', 'EMP011', 'CST016', 'PRD016', 7, '2022-12-16 15:17:54'),
('SLS210', '2022-10-24 00:00:00', 'STR02', 'EMP010', 'CST035', 'PRD016', 16, '2022-12-16 15:17:54'),
('SLS211', '2022-10-26 00:00:00', 'STR02', 'EMP017', 'CST040', 'PRD022', 32, '2022-12-16 15:17:54'),
('SLS212', '2022-10-27 00:00:00', 'STR02', 'EMP017', 'CST040', 'PRD012', 14, '2022-12-16 15:17:54'),
('SLS213', '2022-10-27 00:00:00', 'STR02', 'EMP017', 'CST040', 'PRD002', 31, '2022-12-16 15:17:54'),
('SLS214', '2022-10-27 00:00:00', 'STR02', 'EMP011', 'CST015', 'PRD014', 15, '2022-12-16 15:17:54'),
('SLS215', '2022-10-27 00:00:00', 'STR02', 'EMP012', 'CST016', 'PRD010', 26, '2022-12-16 15:17:54'),
('SLS216', '2022-10-30 00:00:00', 'STR02', 'EMP016', 'CST027', 'PRD019', 17, '2022-12-16 15:17:54'),
('SLS217', '2022-10-30 00:00:00', 'STR02', 'EMP020', 'CST024', 'PRD021', 36, '2022-12-16 15:17:54'),
('SLS218', '2022-10-30 00:00:00', 'STR02', 'EMP013', 'CST035', 'PRD020', 46, '2022-12-16 15:17:54'),
('SLS219', '2022-10-31 00:00:00', 'STR02', 'EMP017', 'CST036', 'PRD018', 31, '2022-12-16 15:17:54'),
('SLS220', '2022-10-31 00:00:00', 'STR02', 'EMP017', 'CST012', 'PRD005', 11, '2022-12-16 15:17:54'),
('SLS221', '2022-11-03 00:00:00', 'STR02', 'EMP015', 'CST015', 'PRD007', 12, '2022-12-16 15:17:54'),
('SLS222', '2022-11-05 00:00:00', 'STR02', 'EMP018', 'CST001', 'PRD009', 5, '2022-12-16 15:17:54'),
('SLS223', '2022-11-27 00:00:00', 'STR02', 'EMP019', 'CST009', 'PRD011', 6, '2022-12-16 15:17:54'),
('SLS224', '2022-11-27 00:00:00', 'STR02', 'EMP020', 'CST015', 'PRD015', 13, '2022-12-16 15:17:54'),
('SLS225', '2022-11-29 00:00:00', 'STR02', 'EMP012', 'CST018', 'PRD017', 15, '2022-12-16 15:17:54'),
('SLS227', '2022-11-29 00:00:00', 'STR02', 'EMP013', 'CST021', 'PRD013', 43, '2022-12-16 15:17:54'),
('SLS228', '2022-11-30 00:00:00', 'STR02', 'EMP014', 'CST025', 'PRD016', 15, '2022-12-16 15:17:54');

-- --------------------------------------------------------

--
-- Table structure for table `product`
--

CREATE TABLE `product` (
  `productID` varchar(20) NOT NULL,
  `categoryID` varchar(20) NOT NULL,
  `produkName` varchar(50) NOT NULL,
  `productPrice` int(20) NOT NULL
) ENGINE=InnoDB DEFAULT CHARSET=utf8mb4;

--
-- Dumping data for table `product`
--

INSERT INTO `product` (`productID`, `categoryID`, `produkName`, `productPrice`) VALUES
('PRD001', 'CTG001', 'Kursi Makan', 82),
('PRD002', 'CTG001', 'Kursi Kerja', 88),
('PRD003', 'CTG001', 'Kursi Lengan', 78),
('PRD004', 'CTG001', 'Kursi Santai', 120),
('PRD005', 'CTG002', 'Sofa Bed', 280),
('PRD006', 'CTG002', 'Sofa Lawson', 250),
('PRD007', 'CTG002', 'Sofa Tuxedo', 220),
('PRD008', 'CTG003', 'Meja Belajar', 210),
('PRD009', 'CTG003', 'Meja Dapur', 320),
('PRD010', 'CTG003', 'Meja Kubikel', 194),
('PRD011', 'CTG004', 'Lemari Kantor', 420),
('PRD012', 'CTG004', 'Lemari Dapur', 390),
('PRD013', 'CTG004', 'Lemari Pakaian', 84),
('PRD014', 'CTG005', 'Rak Dinding', 400),
('PRD015', 'CTG005', 'Rak Piring', 235),
('PRD016', 'CTG005', 'Rak Sepatu', 375),
('PRD017', 'CTG006', 'Hiasan Poto', 82),
('PRD018', 'CTG006', 'Hiasan Kaca', 87),
('PRD019', 'CTG006', 'Hiasan Lampu', 91),
('PRD020', 'CTG007', 'Bantal', 83),
('PRD021', 'CTG007', 'Guling', 83),
('PRD022', 'CTG007', 'Kasur', 524);

-- --------------------------------------------------------

--
-- Table structure for table `sales`
--

CREATE TABLE `sales` (
  `salesID` varchar(6) DEFAULT NULL,
  `salesDate` datetime NOT NULL,
  `storeID` varchar(5) DEFAULT NULL,
  `employeeID` varchar(6) DEFAULT NULL,
  `customerID` varchar(6) DEFAULT NULL,
  `productID` varchar(6) DEFAULT NULL,
  `productAmount` bigint(20) DEFAULT NULL
) ENGINE=InnoDB DEFAULT CHARSET=utf8mb4;

--
-- Dumping data for table `sales`
--

INSERT INTO `sales` (`salesID`, `salesDate`, `storeID`, `employeeID`, `customerID`, `productID`, `productAmount`) VALUES
('SLS001', '2021-10-20 00:00:00', 'STR01', 'EMP001', 'CST001', 'PRD001', 42),
('SLS002', '2021-10-24 00:00:00', 'STR01', 'EMP001', 'CST002', 'PRD002', 25),
('SLS003', '2021-10-28 00:00:00', 'STR01', 'EMP002', 'CST003', 'PRD002', 19),
('SLS004', '2021-11-02 00:00:00', 'STR01', 'EMP005', 'CST004', 'PRD001', 15),
('SLS005', '2021-11-15 00:00:00', 'STR01', 'EMP004', 'CST005', 'PRD003', 22),
('SLS006', '2021-11-21 00:00:00', 'STR01', 'EMP002', 'CST006', 'PRD005', 12),
('SLS007', '2021-11-28 00:00:00', 'STR01', 'EMP001', 'CST007', 'PRD008', 37),
('SLS008', '2021-11-30 00:00:00', 'STR01', 'EMP007', 'CST008', 'PRD002', 12),
('SLS009', '2021-12-01 00:00:00', 'STR01', 'EMP009', 'CST009', 'PRD014', 8),
('SLS010', '2021-12-05 00:00:00', 'STR01', 'EMP006', 'CST010', 'PRD004', 7),
('SLS011', '2021-12-09 00:00:00', 'STR01', 'EMP002', 'CST011', 'PRD005', 2),
('SLS012', '2021-12-12 00:00:00', 'STR01', 'EMP003', 'CST012', 'PRD017', 10),
('SLS013', '2021-12-15 00:00:00', 'STR01', 'EMP006', 'CST013', 'PRD022', 15),
('SLS014', '2021-12-17 00:00:00', 'STR01', 'EMP001', 'CST014', 'PRD019', 12),
('SLS015', '2021-12-21 00:00:00', 'STR01', 'EMP003', 'CST015', 'PRD004', 31),
('SLS016', '2021-12-26 00:00:00', 'STR01', 'EMP008', 'CST016', 'PRD006', 22),
('SLS017', '2021-12-27 00:00:00', 'STR01', 'EMP009', 'CST017', 'PRD001', 16),
('SLS018', '2021-12-30 00:00:00', 'STR01', 'EMP010', 'CST018', 'PRD001', 3),
('SLS019', '2022-01-01 00:00:00', 'STR01', 'EMP007', 'CST019', 'PRD002', 9),
('SLS020', '2022-01-01 00:00:00', 'STR01', 'EMP007', 'CST020', 'PRD002', 21),
('SLS021', '2022-01-12 00:00:00', 'STR02', 'EMP011', 'CST021', 'PRD002', 11),
('SLS022', '2022-01-16 00:00:00', 'STR02', 'EMP007', 'CST022', 'PRD002', 32),
('SLS023', '2022-01-17 00:00:00', 'STR01', 'EMP005', 'CST023', 'PRD002', 12),
('SLS024', '2022-01-19 00:00:00', 'STR02', 'EMP015', 'CST024', 'PRD002', 41),
('SLS025', '2022-01-21 00:00:00', 'STR01', 'EMP008', 'CST025', 'PRD002', 5),
('SLS026', '2022-01-22 00:00:00', 'STR02', 'EMP016', 'CST026', 'PRD002', 9),
('SLS027', '2022-01-27 00:00:00', 'STR01', 'EMP010', 'CST027', 'PRD002', 22),
('SLS028', '2022-01-28 00:00:00', 'STR01', 'EMP004', 'CST028', 'PRD002', 29),
('SLS029', '2022-01-29 00:00:00', 'STR01', 'EMP007', 'CST029', 'PRD002', 31),
('SLS030', '2022-01-30 00:00:00', 'STR02', 'EMP017', 'CST030', 'PRD002', 9),
('SLS031', '2022-01-30 00:00:00', 'STR01', 'EMP004', 'CST031', 'PRD002', 4),
('SLS032', '2022-01-31 00:00:00', 'STR02', 'EMP012', 'CST032', 'PRD002', 28),
('SLS033', '2022-01-31 00:00:00', 'STR01', 'EMP010', 'CST033', 'PRD002', 17),
('SLS034', '2022-01-31 00:00:00', 'STR01', 'EMP005', 'CST034', 'PRD002', 23),
('SLS035', '2022-02-08 00:00:00', 'STR02', 'EMP011', 'CST001', 'PRD002', 2),
('SLS036', '2022-02-12 00:00:00', 'STR02', 'EMP015', 'CST011', 'PRD022', 15),
('SLS037', '2022-02-16 00:00:00', 'STR02', 'EMP017', 'CST012', 'PRD010', 27),
('SLS038', '2022-02-17 00:00:00', 'STR01', 'EMP005', 'CST033', 'PRD012', 34),
('SLS039', '2022-02-19 00:00:00', 'STR01', 'EMP008', 'CST009', 'PRD017', 13),
('SLS040', '2022-02-21 00:00:00', 'STR01', 'EMP009', 'CST012', 'PRD009', 19),
('SLS041', '2022-02-22 00:00:00', 'STR02', 'EMP016', 'CST017', 'PRD013', 17),
('SLS042', '2022-02-27 00:00:00', 'STR02', 'EMP013', 'CST022', 'PRD018', 24),
('SLS043', '2022-02-28 00:00:00', 'STR01', 'EMP003', 'CST018', 'PRD015', 31),
('SLS044', '2022-02-28 00:00:00', 'STR01', 'EMP004', 'CST021', 'PRD014', 36),
('SLS045', '2022-03-01 00:00:00', 'STR01', 'EMP006', 'CST031', 'PRD020', 19),
('SLS046', '2022-03-01 00:00:00', 'STR01', 'EMP002', 'CST025', 'PRD021', 21),
('SLS047', '2022-03-02 00:00:00', 'STR02', 'EMP012', 'CST020', 'PRD002', 12),
('SLS048', '2022-03-05 00:00:00', 'STR02', 'EMP016', 'CST008', 'PRD001', 21),
('SLS049', '2022-03-07 00:00:00', 'STR02', 'EMP015', 'CST009', 'PRD003', 23),
('SLS050', '2022-03-09 00:00:00', 'STR02', 'EMP014', 'CST003', 'PRD012', 29),
('SLS051', '2022-03-12 00:00:00', 'STR02', 'EMP017', 'CST002', 'PRD022', 8),
('SLS052', '2022-03-16 00:00:00', 'STR02', 'EMP020', 'CST013', 'PRD006', 9),
('SLS053', '2022-03-16 00:00:00', 'STR01', 'EMP005', 'CST015', 'PRD001', 4),
('SLS054', '2022-03-17 00:00:00', 'STR02', 'EMP012', 'CST024', 'PRD002', 3),
('SLS055', '2022-03-19 00:00:00', 'STR02', 'EMP011', 'CST012', 'PRD002', 24),
('SLS056', '2022-03-19 00:00:00', 'STR02', 'EMP014', 'CST011', 'PRD001', 14),
('SLS057', '2022-03-19 00:00:00', 'STR02', 'EMP016', 'CST037', 'PRD003', 34),
('SLS058', '2022-03-20 00:00:00', 'STR01', 'EMP001', 'CST016', 'PRD004', 42),
('SLS059', '2022-03-21 00:00:00', 'STR02', 'EMP015', 'CST026', 'PRD005', 19),
('SLS060', '2022-03-22 00:00:00', 'STR01', 'EMP007', 'CST025', 'PRD006', 10),
('SLS061', '2022-03-23 00:00:00', 'STR02', 'EMP011', 'CST016', 'PRD007', 12),
('SLS062', '2022-03-24 00:00:00', 'STR01', 'EMP010', 'CST007', 'PRD008', 11),
('SLS063', '2022-03-25 00:00:00', 'STR01', 'EMP007', 'CST038', 'PRD009', 30),
('SLS064', '2022-03-26 00:00:00', 'STR01', 'EMP003', 'CST019', 'PRD010', 41),
('SLS065', '2022-03-27 00:00:00', 'STR02', 'EMP012', 'CST030', 'PRD022', 16),
('SLS066', '2022-03-28 00:00:00', 'STR01', 'EMP004', 'CST021', 'PRD012', 15),
('SLS067', '2022-03-29 00:00:00', 'STR02', 'EMP018', 'CST012', 'PRD016', 27),
('SLS068', '2022-03-30 00:00:00', 'STR01', 'EMP010', 'CST013', 'PRD018', 37),
('SLS069', '2022-03-31 00:00:00', 'STR01', 'EMP001', 'CST034', 'PRD020', 15),
('SLS070', '2022-04-01 00:00:00', 'STR01', 'EMP002', 'CST008', 'PRD011', 17),
('SLS071', '2022-04-02 00:00:00', 'STR01', 'EMP009', 'CST009', 'PRD014', 31),
('SLS072', '2022-04-03 00:00:00', 'STR02', 'EMP019', 'CST020', 'PRD013', 14),
('SLS073', '2022-04-04 00:00:00', 'STR01', 'EMP008', 'CST001', 'PRD021', 21),
('SLS074', '2022-04-05 00:00:00', 'STR02', 'EMP018', 'CST022', 'PRD007', 28),
('SLS075', '2022-04-06 00:00:00', 'STR01', 'EMP007', 'CST030', 'PRD015', 31),
('SLS076', '2022-04-07 00:00:00', 'STR02', 'EMP011', 'CST011', 'PRD017', 21),
('SLS077', '2022-04-08 00:00:00', 'STR02', 'EMP017', 'CST002', 'PRD016', 41),
('SLS078', '2022-04-09 00:00:00', 'STR01', 'EMP005', 'CST006', 'PRD018', 21),
('SLS079', '2022-04-10 00:00:00', 'STR02', 'EMP015', 'CST016', 'PRD019', 40),
('SLS080', '2022-04-11 00:00:00', 'STR01', 'EMP005', 'CST017', 'PRD020', 32),
('SLS081', '2022-04-12 00:00:00', 'STR02', 'EMP016', 'CST021', 'PRD001', 35),
('SLS082', '2022-04-13 00:00:00', 'STR01', 'EMP004', 'CST022', 'PRD004', 41),
('SLS083', '2022-04-14 00:00:00', 'STR01', 'EMP003', 'CST018', 'PRD008', 31),
('SLS084', '2022-04-15 00:00:00', 'STR01', 'EMP009', 'CST019', 'PRD009', 21),
('SLS085', '2022-04-16 00:00:00', 'STR02', 'EMP014', 'CST040', 'PRD010', 19),
('SLS086', '2022-04-17 00:00:00', 'STR01', 'EMP004', 'CST031', 'PRD011', 14),
('SLS087', '2022-04-18 00:00:00', 'STR02', 'EMP013', 'CST032', 'PRD013', 38),
('SLS088', '2022-04-19 00:00:00', 'STR01', 'EMP010', 'CST023', 'PRD007', 27),
('SLS089', '2022-04-20 00:00:00', 'STR01', 'EMP009', 'CST014', 'PRD002', 13),
('SLS090', '2022-04-21 00:00:00', 'STR01', 'EMP003', 'CST018', 'PRD021', 29),
('SLS091', '2022-04-22 00:00:00', 'STR01', 'EMP006', 'CST029', 'PRD006', 11),
('SLS092', '2022-04-23 00:00:00', 'STR02', 'EMP012', 'CST010', 'PRD005', 19),
('SLS093', '2022-04-24 00:00:00', 'STR01', 'EMP006', 'CST031', 'PRD002', 24),
('SLS094', '2022-04-25 00:00:00', 'STR02', 'EMP011', 'CST022', 'PRD003', 38),
('SLS095', '2022-04-30 00:00:00', 'STR01', 'EMP015', 'CST022', 'PRD013', 12),
('SLS096', '2022-04-30 00:00:00', 'STR01', 'EMP003', 'CST001', 'PRD006', 2),
('SLS097', '2022-05-01 00:00:00', 'STR01', 'EMP008', 'CST002', 'PRD001', 16),
('SLS098', '2022-05-01 00:00:00', 'STR02', 'EMP012', 'CST001', 'PRD002', 28),
('SLS099', '2022-05-02 00:00:00', 'STR02', 'EMP011', 'CST006', 'PRD002', 24),
('SLS100', '2022-05-05 00:00:00', 'STR02', 'EMP012', 'CST025', 'PRD003', 38),
('SLS101', '2022-05-06 00:00:00', 'STR01', 'EMP005', 'CST026', 'PRD011', 29),
('SLS102', '2022-05-10 00:00:00', 'STR01', 'EMP008', 'CST040', 'PRD016', 10),
('SLS103', '2022-05-10 00:00:00', 'STR02', 'EMP013', 'CST036', 'PRD017', 12),
('SLS104', '2022-05-11 00:00:00', 'STR01', 'EMP001', 'CST008', 'PRD012', 17),
('SLS105', '2022-05-12 00:00:00', 'STR01', 'EMP002', 'CST010', 'PRD016', 23),
('SLS106', '2022-05-16 00:00:00', 'STR01', 'EMP002', 'CST011', 'PRD006', 12),
('SLS107', '2022-05-16 00:00:00', 'STR01', 'EMP006', 'CST036', 'PRD007', 16),
('SLS108', '2022-05-22 00:00:00', 'STR02', 'EMP013', 'CST027', 'PRD007', 17),
('SLS109', '2022-05-26 00:00:00', 'STR02', 'EMP015', 'CST028', 'PRD011', 2),
('SLS110', '2022-06-01 00:00:00', 'STR02', 'EMP015', 'CST021', 'PRD013', 17),
('SLS111', '2022-06-09 00:00:00', 'STR02', 'EMP017', 'CST028', 'PRD016', 17),
('SLS112', '2022-06-10 00:00:00', 'STR02', 'EMP020', 'CST010', 'PRD012', 2),
('SLS113', '2022-06-11 00:00:00', 'STR02', 'EMP016', 'CST002', 'PRD017', 8),
('SLS114', '2022-06-12 00:00:00', 'STR01', 'EMP002', 'CST012', 'PRD019', 9),
('SLS115', '2022-06-16 00:00:00', 'STR01', 'EMP002', 'CST030', 'PRD013', 9),
('SLS116', '2022-06-17 00:00:00', 'STR01', 'EMP002', 'CST001', 'PRD022', 31),
('SLS117', '2022-06-18 00:00:00', 'STR02', 'EMP019', 'CST022', 'PRD021', 21),
('SLS118', '2022-06-19 00:00:00', 'STR02', 'EMP020', 'CST031', 'PRD001', 11),
('SLS119', '2022-06-20 00:00:00', 'STR01', 'EMP010', 'CST040', 'PRD011', 32),
('SLS120', '2022-06-21 00:00:00', 'STR02', 'EMP011', 'CST021', 'PRD019', 41),
('SLS121', '2022-06-22 00:00:00', 'STR01', 'EMP001', 'CST011', 'PRD009', 25),
('SLS122', '2022-06-23 00:00:00', 'STR02', 'EMP012', 'CST036', 'PRD021', 23),
('SLS123', '2022-06-24 00:00:00', 'STR01', 'EMP009', 'CST027', 'PRD009', 14),
('SLS124', '2022-06-25 00:00:00', 'STR01', 'EMP003', 'CST038', 'PRD008', 8),
('SLS125', '2022-06-26 00:00:00', 'STR01', 'EMP008', 'CST021', 'PRD010', 17),
('SLS126', '2022-06-27 00:00:00', 'STR02', 'EMP018', 'CST014', 'PRD004', 19),
('SLS127', '2022-06-28 00:00:00', 'STR01', 'EMP004', 'CST021', 'PRD003', 40),
('SLS128', '2022-06-29 00:00:00', 'STR02', 'EMP013', 'CST022', 'PRD011', 18),
('SLS129', '2022-06-30 00:00:00', 'STR01', 'EMP007', 'CST031', 'PRD015', 27),
('SLS130', '2022-07-01 00:00:00', 'STR01', 'EMP005', 'CST011', 'PRD018', 33),
('SLS131', '2022-07-02 00:00:00', 'STR01', 'EMP006', 'CST002', 'PRD004', 21),
('SLS132', '2022-07-03 00:00:00', 'STR01', 'EMP001', 'CST009', 'PRD019', 13),
('SLS133', '2022-07-04 00:00:00', 'STR02', 'EMP016', 'CST011', 'PRD002', 29),
('SLS134', '2022-07-05 00:00:00', 'STR01', 'EMP005', 'CST010', 'PRD018', 46),
('SLS135', '2022-07-06 00:00:00', 'STR02', 'EMP014', 'CST025', 'PRD021', 27),
('SLS136', '2022-07-07 00:00:00', 'STR01', 'EMP002', 'CST039', 'PRD011', 29),
('SLS137', '2022-07-09 00:00:00', 'STR02', 'EMP012', 'CST021', 'PRD012', 11),
('SLS138', '2022-07-10 00:00:00', 'STR02', 'EMP018', 'CST014', 'PRD019', 15),
('SLS139', '2022-07-11 00:00:00', 'STR01', 'EMP009', 'CST017', 'PRD018', 19),
('SLS140', '2022-07-12 00:00:00', 'STR02', 'EMP012', 'CST019', 'PRD015', 18),
('SLS141', '2022-07-13 00:00:00', 'STR01', 'EMP005', 'CST021', 'PRD003', 25),
('SLS142', '2022-07-14 00:00:00', 'STR02', 'EMP020', 'CST008', 'PRD005', 28),
('SLS143', '2022-07-15 00:00:00', 'STR01', 'EMP010', 'CST023', 'PRD007', 14),
('SLS144', '2022-07-16 00:00:00', 'STR01', 'EMP002', 'CST026', 'PRD009', 21),
('SLS145', '2022-07-17 00:00:00', 'STR01', 'EMP009', 'CST037', 'PRD002', 25),
('SLS146', '2022-07-18 00:00:00', 'STR02', 'EMP018', 'CST039', 'PRD004', 41),
('SLS147', '2022-07-19 00:00:00', 'STR01', 'EMP003', 'CST031', 'PRD006', 44),
('SLS148', '2022-07-20 00:00:00', 'STR02', 'EMP012', 'CST032', 'PRD008', 18),
('SLS149', '2022-07-21 00:00:00', 'STR01', 'EMP006', 'CST023', 'PRD012', 27),
('SLS150', '2022-07-22 00:00:00', 'STR01', 'EMP002', 'CST013', 'PRD015', 32),
('SLS151', '2022-07-23 00:00:00', 'STR01', 'EMP004', 'CST016', 'PRD018', 39),
('SLS152', '2022-07-24 00:00:00', 'STR01', 'EMP003', 'CST017', 'PRD013', 41),
('SLS153', '2022-07-25 00:00:00', 'STR02', 'EMP013', 'CST015', 'PRD007', 9),
('SLS154', '2022-07-26 00:00:00', 'STR01', 'EMP009', 'CST031', 'PRD001', 21),
('SLS155', '2022-07-27 00:00:00', 'STR02', 'EMP011', 'CST021', 'PRD015', 18),
('SLS156', '2022-07-28 00:00:00', 'STR02', 'EMP012', 'CST036', 'PRD022', 23),
('SLS157', '2022-07-28 00:00:00', 'STR02', 'EMP019', 'CST027', 'PRD001', 14),
('SLS158', '2022-07-28 00:00:00', 'STR02', 'EMP013', 'CST012', 'PRD002', 8),
('SLS159', '2022-07-30 00:00:00', 'STR01', 'EMP008', 'CST004', 'PRD014', 17),
('SLS160', '2022-07-30 00:00:00', 'STR02', 'EMP018', 'CST022', 'PRD005', 19),
('SLS161', '2022-07-30 00:00:00', 'STR02', 'EMP014', 'CST016', 'PRD006', 10),
('SLS162', '2022-08-01 00:00:00', 'STR01', 'EMP008', 'CST001', 'PRD007', 22),
('SLS163', '2022-08-03 00:00:00', 'STR01', 'EMP010', 'CST027', 'PRD008', 25),
('SLS164', '2022-08-03 00:00:00', 'STR01', 'EMP003', 'CST028', 'PRD003', 2),
('SLS165', '2022-08-03 00:00:00', 'STR02', 'EMP004', 'CST019', 'PRD006', 25),
('SLS166', '2022-08-06 00:00:00', 'STR01', 'EMP002', 'CST018', 'PRD007', 22),
('SLS167', '2022-08-10 00:00:00', 'STR01', 'EMP001', 'CST025', 'PRD008', 14),
('SLS168', '2022-08-11 00:00:00', 'STR01', 'EMP001', 'CST031', 'PRD009', 11),
('SLS169', '2022-08-16 00:00:00', 'STR02', 'EMP014', 'CST038', 'PRD012', 15),
('SLS171', '2022-08-17 00:00:00', 'STR01', 'EMP007', 'CST040', 'PRD017', 10),
('SLS172', '2022-08-21 00:00:00', 'STR01', 'EMP007', 'CST011', 'PRD003', 31),
('SLS173', '2022-08-21 00:00:00', 'STR02', 'EMP015', 'CST021', 'PRD022', 20),
('SLS174', '2022-08-22 00:00:00', 'STR01', 'EMP003', 'CST031', 'PRD020', 13),
('SLS175', '2022-08-27 00:00:00', 'STR01', 'EMP005', 'CST001', 'PRD021', 7),
('SLS176', '2022-08-27 00:00:00', 'STR01', 'EMP006', 'CST007', 'PRD012', 27),
('SLS177', '2022-08-28 00:00:00', 'STR01', 'EMP007', 'CST005', 'PRD016', 29),
('SLS178', '2022-08-31 00:00:00', 'STR01', 'EMP008', 'CST027', 'PRD009', 16),
('SLS179', '2022-09-01 00:00:00', 'STR01', 'EMP010', 'CST018', 'PRD008', 19),
('SLS180', '2022-09-01 00:00:00', 'STR01', 'EMP003', 'CST003', 'PRD002', 27),
('SLS181', '2022-09-05 00:00:00', 'STR01', 'EMP008', 'CST038', 'PRD001', 25),
('SLS182', '2022-09-07 00:00:00', 'STR02', 'EMP012', 'CST033', 'PRD002', 21),
('SLS183', '2022-09-09 00:00:00', 'STR01', 'EMP002', 'CST031', 'PRD003', 16),
('SLS184', '2022-09-09 00:00:00', 'STR02', 'EMP016', 'CST028', 'PRD001', 16),
('SLS185', '2022-09-09 00:00:00', 'STR01', 'EMP003', 'CST014', 'PRD002', 17),
('SLS186', '2022-09-12 00:00:00', 'STR01', 'EMP007', 'CST025', 'PRD003', 17),
('SLS187', '2022-09-16 00:00:00', 'STR01', 'EMP008', 'CST027', 'PRD004', 19),
('SLS188', '2022-09-19 00:00:00', 'STR02', 'EMP017', 'CST018', 'PRD005', 12),
('SLS189', '2022-09-22 00:00:00', 'STR02', 'EMP020', 'CST019', 'PRD006', 5),
('SLS190', '2022-09-23 00:00:00', 'STR02', 'EMP020', 'CST021', 'PRD006', 4),
('SLS191', '2022-09-28 00:00:00', 'STR01', 'EMP004', 'CST029', 'PRD006', 9),
('SLS192', '2022-09-28 00:00:00', 'STR01', 'EMP005', 'CST025', 'PRD003', 10),
('SLS193', '2022-09-30 00:00:00', 'STR02', 'EMP019', 'CST012', 'PRD003', 24),
('SLS194', '2022-09-30 00:00:00', 'STR02', 'EMP019', 'CST019', 'PRD002', 12),
('SLS195', '2022-09-30 00:00:00', 'STR01', 'EMP004', 'CST010', 'PRD012', 16),
('SLS196', '2022-09-30 00:00:00', 'STR01', 'EMP008', 'CST013', 'PRD016', 17),
('SLS197', '2022-10-01 00:00:00', 'STR01', 'EMP007', 'CST014', 'PRD017', 17),
('SLS198', '2022-10-01 00:00:00', 'STR01', 'EMP002', 'CST026', 'PRD016', 13),
('SLS199', '2022-10-02 00:00:00', 'STR01', 'EMP006', 'CST037', 'PRD015', 26),
('SLS200', '2022-10-02 00:00:00', 'STR01', 'EMP008', 'CST038', 'PRD016', 6),
('SLS201', '2022-10-04 00:00:00', 'STR02', 'EMP018', 'CST030', 'PRD014', 13),
('SLS202', '2022-10-04 00:00:00', 'STR02', 'EMP020', 'CST032', 'PRD012', 26),
('SLS204', '2022-10-12 00:00:00', 'STR01', 'EMP004', 'CST009', 'PRD002', 14),
('SLS205', '2022-10-16 00:00:00', 'STR01', 'EMP003', 'CST010', 'PRD019', 16),
('SLS206', '2022-10-16 00:00:00', 'STR01', 'EMP007', 'CST022', 'PRD020', 4);

-- --------------------------------------------------------

--
-- Table structure for table `sales2`
--

CREATE TABLE `sales2` (
  `salesID` varchar(15) NOT NULL,
  `salesDate` date NOT NULL,
  `storeID` varchar(15) NOT NULL,
  `employeeID` varchar(15) NOT NULL,
  `customerID` varchar(15) NOT NULL,
  `productID` varchar(15) NOT NULL,
  `productAmount` varchar(15) NOT NULL
) ENGINE=InnoDB DEFAULT CHARSET=utf8mb4;

--
-- Dumping data for table `sales2`
--

INSERT INTO `sales2` (`salesID`, `salesDate`, `storeID`, `employeeID`, `customerID`, `productID`, `productAmount`) VALUES
('SLS203', '2022-10-20', 'STR02', 'EMP012', 'CST012', 'PRD007', '22'),
('SLS207', '2022-10-23', 'STR02', 'EMP015', 'CST026', 'PRD001', '12'),
('SLS208', '2022-10-23', 'STR02', 'EMP016', 'CST025', 'PRD006', '5'),
('SLS209', '2022-10-23', 'STR02', 'EMP011', 'CST016', 'PRD016', '7'),
('SLS210', '2022-10-24', 'STR02', 'EMP010', 'CST035', 'PRD016', '16'),
('SLS211', '2022-10-26', 'STR02', 'EMP017', 'CST040', 'PRD022', '32'),
('SLS212', '2022-10-27', 'STR02', 'EMP017', 'CST040', 'PRD012', '14'),
('SLS213', '2022-10-27', 'STR02', 'EMP017', 'CST040', 'PRD002', '31'),
('SLS214', '2022-10-27', 'STR02', 'EMP011', 'CST015', 'PRD014', '15'),
('SLS215', '2022-10-27', 'STR02', 'EMP012', 'CST016', 'PRD010', '26'),
('SLS216', '2022-10-30', 'STR02', 'EMP016', 'CST027', 'PRD019', '17'),
('SLS217', '2022-10-30', 'STR02', 'EMP020', 'CST024', 'PRD021', '36'),
('SLS218', '2022-10-30', 'STR02', 'EMP013', 'CST035', 'PRD020', '46'),
('SLS219', '2022-10-31', 'STR02', 'EMP017', 'CST036', 'PRD018', '31'),
('SLS220', '2022-10-31', 'STR02', 'EMP017', 'CST012', 'PRD005', '11'),
('SLS221', '2022-11-03', 'STR02', 'EMP015', 'CST015', 'PRD007', '12'),
('SLS222', '2022-11-05', 'STR02', 'EMP018', 'CST001', 'PRD009', '5'),
('SLS223', '2022-11-27', 'STR02', 'EMP019', 'CST009', 'PRD011', '6'),
('SLS224', '2022-11-27', 'STR02', 'EMP020', 'CST015', 'PRD015', '13'),
('SLS225', '2022-11-29', 'STR02', 'EMP012', 'CST018', 'PRD017', '15'),
('SLS227', '2022-11-29', 'STR02', 'EMP013', 'CST021', 'PRD013', '43'),
('SLS228', '2022-11-30', 'STR02', 'EMP014', 'CST025', 'PRD016', '15');

-- --------------------------------------------------------

--
-- Table structure for table `store`
--

CREATE TABLE `store` (
  `storeID` varchar(20) NOT NULL,
  `storeName` varchar(20) NOT NULL,
  `storeAddress` varchar(50) NOT NULL,
  `storePhone` varchar(20) NOT NULL
) ENGINE=InnoDB DEFAULT CHARSET=utf8mb4;

--
-- Dumping data for table `store`
--

INSERT INTO `store` (`storeID`, `storeName`, `storeAddress`, `storePhone`) VALUES
('STR01', 'Cabang Cengkareng', 'Jl. Cengkareng, Jakarta Barat, DKI Jakarta. Indone', '1234512'),
('STR02', 'Cabang Senopati', 'Jl. Senopati, Jakarta Selatan, DKI Jakarta. Indone', '1234512');

--
-- Indexes for dumped tables
--

--
-- Indexes for table `category`
--
ALTER TABLE `category`
  ADD PRIMARY KEY (`categoryID`);

--
-- Indexes for table `customer`
--
ALTER TABLE `customer`
  ADD PRIMARY KEY (`customerID`);

--
-- Indexes for table `employee`
--
ALTER TABLE `employee`
  ADD PRIMARY KEY (`employeeID`),
  ADD KEY `storeID` (`storeID`);

--
-- Indexes for table `product`
--
ALTER TABLE `product`
  ADD PRIMARY KEY (`productID`),
  ADD KEY `categoryID` (`categoryID`);

--
-- Indexes for table `store`
--
ALTER TABLE `store`
  ADD PRIMARY KEY (`storeID`);

--
-- Constraints for dumped tables
--

--
-- Constraints for table `employee`
--
ALTER TABLE `employee`
  ADD CONSTRAINT `employee_ibfk_1` FOREIGN KEY (`storeID`) REFERENCES `store` (`storeID`);

--
-- Constraints for table `product`
--
ALTER TABLE `product`
  ADD CONSTRAINT `product_ibfk_1` FOREIGN KEY (`categoryID`) REFERENCES `category` (`categoryID`);
COMMIT;

/*!40101 SET CHARACTER_SET_CLIENT=@OLD_CHARACTER_SET_CLIENT */;
/*!40101 SET CHARACTER_SET_RESULTS=@OLD_CHARACTER_SET_RESULTS */;
/*!40101 SET COLLATION_CONNECTION=@OLD_COLLATION_CONNECTION */;
